<keymap version="1" name="macOS copy" parent="Mac OS X 10.5+">
  <action id="ActivateTerminalToolWindow">
    <keyboard-shortcut first-keystroke="alt t" />
  </action>
  <action id="CommentByBlockComment">
    <keyboard-shortcut first-keystroke="ctrl meta k" />
  </action>
  <action id="CommentByLineComment">
    <keyboard-shortcut first-keystroke="meta slash" />
    <keyboard-shortcut first-keystroke="meta divide" />
    <keyboard-shortcut first-keystroke="ctrl meta alt k" />
  </action>
  <action id="Diff.NextChange" />
  <action id="Diff.PrevChange" />
  <action id="GotoFile" />
  <action id="JupyterClearOutputsAction">
    <keyboard-shortcut first-keystroke="shift ctrl c" />
  </action>
  <action id="OpenFile">
    <keyboard-shortcut first-keystroke="shift meta o" />
  </action>
</keymap>