<profile version="1.0">
  <option name="myName" value="Default" />
  <inspection_tool class="JupyterPackageInspection" enabled="false" level="WARNING" enabled_by_default="false" />
  <inspection_tool class="PyPackageRequirementsInspection" enabled="true" level="WARNING" enabled_by_default="true">
    <option name="ignoredPackages">
      <value>
        <list size="5">
          <item index="0" class="java.lang.String" itemvalue="scipy" />
          <item index="1" class="java.lang.String" itemvalue="torch" />
          <item index="2" class="java.lang.String" itemvalue="numpy" />
          <item index="3" class="java.lang.String" itemvalue="google-cloud-storage" />
          <item index="4" class="java.lang.String" itemvalue="pyfunctional" />
        </list>
      </value>
    </option>
  </inspection_tool>
  <inspection_tool class="PyUnresolvedReferencesInspection" enabled="true" level="WARNING" enabled_by_default="true">
    <option name="ignoredIdentifiers">
      <list>
        <option value="object.labels_" />
        <option value="bool.all" />
        <option value="str.__rshift__" />
        <option value="apache_beam.pipeline.Pipeline.__or__" />
        <option value="src.dockyard.main.dockyard" />
      </list>
    </option>
  </inspection_tool>
  <inspection_tool class="SqlDialectInspection" enabled="false" level="WARNING" enabled_by_default="false" />
  <inspection_tool class="SqlNoDataSourceInspection" enabled="false" level="WARNING" enabled_by_default="false" />
</profile>