<application>
  <component name="ProjectManager">
    <defaultProject>
      <component name="ProjectView">
        <navigator proportions="" version="1" />
        <panes />
      </component>
      <component name="ProjectViewState">
        <option name="hideEmptyMiddlePackages" value="true" />
        <option name="showLibraryContents" value="true" />
      </component>
      <component name="PropertiesComponent">{
  &quot;keyToString&quot;: {
    &quot;settings.editor.selected.configurable&quot;: &quot;org.jetbrains.plugins.github.ui.GithubSettingsConfigurable&quot;
  }
}</component>
    </defaultProject>
  </component>
</application>