<application>
  <component name="WebServers">
    <option name="servers">
      <webServer id="1c2fc66a-ecca-4832-8ed6-695fc2f40110" name="samuel.hudec@34.147.124.181:22 key">
        <fileTransfer accessType="SFTP" host="34.147.124.181" port="22" sshConfigId="5819918f-b1b9-4053-bf59-de8277395d52" sshConfig="samuel.hudec@34.147.124.181:22 key" keyPair="true" />
      </webServer>
      <webServer id="b1a6c501-e229-4374-b847-dec64298d2be" name="samuel.hudec@shudec-gpu-1:22 key">
        <fileTransfer accessType="SFTP" host="shudec-gpu-1" port="22" sshConfigId="01decf10-03e1-419b-b93f-bfc88d506d3e" sshConfig="samuel.hudec@shudec-gpu-1:22 key" keyPair="true" />
      </webServer>
    </option>
  </component>
</application>